{"cameraMode":{"drawMode":0,"name":"Shaded","section":"Shading Mode"},"sceneLighting":false,"audioPlay":false,"sceneViewState":{"showFog":true,"showMaterialUpdate":false,"showSkybox":true,"showFlares":true,"showImageEffects":true,"showParticleSystems":true},"in2DMode":false,"pivot":{"x":182.778076171875,"y":130.53758239746095,"z":73.8734130859375},"rotation":{"x":-0.348071813583374,"y":-0.1057099774479866,"z":0.0395403727889061,"w":-0.9306560754776001},"size":800.99072265625,"orthographic":true}